id,organization_id,google_app_id,name,category,risk_level,management_status,total_permissions,created_at,updated_at,all_scopes,microsoft_app_id,category_status,provider,user_count,owner_email,notes
0404a525-486d-4b54-ab20-857de191a630,359d186d-9632-41ec-b95d-60f1182bb71a,,Microsoft Tech Community,Productivity & Collaboration,MEDIUM,NEEDS_REVIEW,5,2025-05-22 00:14:49.407137+00,2025-05-22 00:14:51.926+00,"[""User.Read"",""openid"",""email"",""profile"",""offline_access""]",09213cdc-9f30-4e82-aa6f-9b6e8d82dab3,UNCATEGORIZED,google,1,,
09e42f06-c923-4c43-b7ba-49f5269fd255,359d186d-9632-41ec-b95d-60f1182bb71a,,HEW-M01 M-Files User Sync,Identity & Access Management,MEDIUM,NEEDS_REVIEW,1,2025-05-22 00:16:08.47544+00,2025-05-22 00:16:10.034+00,"[""User.Read""]",c8ccf807-8c5f-4a56-bbf1-54064ebca32e,UNCATEGORIZED,google,1,,
0dbcf46b-dc80-42ac-8a4e-928366c5ac83,359d186d-9632-41ec-b95d-60f1182bb71a,,airSlate-pdfFiller-signNow App,Productivity & Collaboration,MEDIUM,NEEDS_REVIEW,1,2025-05-22 00:16:24.404467+00,2025-05-22 00:16:25.92+00,"[""User.Read""]",b07597eb-4235-498f-8095-7c51ef7cff4b,UNCATEGORIZED,google,1,,
10a9e412-e925-46b1-8f62-29e79d7d7c02,359d186d-9632-41ec-b95d-60f1182bb71a,,Redmap,Identity & Access Management,MEDIUM,NEEDS_REVIEW,1,2025-05-22 00:15:28.70296+00,2025-05-22 00:15:29.59+00,"[""User.Read""]",03c5f796-3b7f-48c0-80c0-19a7432c9b0e,UNCATEGORIZED,google,2,,
1619b7b6-5ec9-41d1-85f9-c3a5c01d7ea9,359d186d-9632-41ec-b95d-60f1182bb71a,,Zoom,Productivity & Collaboration,HIGH,Managed,7,2025-05-22 00:14:18.933944+00,2025-05-22 00:14:20.638+00,"[""Chat.Read"",""Calendars.ReadWrite.Shared"",""User.Read"",""User.ReadBasic.All"",""User.Read.All"",""Calendars.Read"",""Contacts.Read""]",23962431-1240-420c-8472-a8111e98ca6f,UNCATEGORIZED,google,2,,
17053a17-3bfc-4b53-90a6-55e2ff7138bd,359d186d-9632-41ec-b95d-60f1182bb71a,,Zoom,Productivity & Collaboration,HIGH,Managed,8,2025-05-22 00:14:21.388078+00,2025-05-22 00:14:27.809+00,"[""offline_access"",""openid"",""Calendars.Read"",""Contacts.Read"",""Calendars.ReadWrite"",""Contacts.ReadWrite"",""Calendars.ReadWrite.Shared"",""Presence.ReadWrite""]",fc108d3f-543d-4374-bbff-c7c51f651fe5,UNCATEGORIZED,google,9,,
19bde282-aa50-4766-8390-3f2da3ebff5b,359d186d-9632-41ec-b95d-60f1182bb71a,,Spark,Productivity & Collaboration,HIGH,NEEDS_REVIEW,6,2025-05-22 00:15:41.910026+00,2025-05-22 00:15:44.37+00,"[""offline_access"",""openid"",""email"",""profile"",""EWS.AccessAsUser.All"",""Calendars.ReadWrite""]",b50c1dbd-1855-4e54-b07c-d3c3029e93d3,UNCATEGORIZED,google,1,,
1ce52d41-eae7-4f74-9b75-5897e4ddb670,359d186d-9632-41ec-b95d-60f1182bb71a,,Clean Email,Productivity & Collaboration,HIGH,NEEDS_REVIEW,7,2025-05-22 00:15:42.661305+00,2025-05-22 00:15:44.238+00,"[""openid"",""profile"",""offline_access"",""User.Read"",""Mail.Read"",""Mail.ReadWrite"",""Mail.Send""]",0341cba0-f723-41d4-9b56-156d4336a2e6,UNCATEGORIZED,google,1,,
1e6d87fe-ce65-4a1f-9ff4-378364f9b299,359d186d-9632-41ec-b95d-60f1182bb71a,,PDFSimpli,Productivity & Collaboration,HIGH,NEEDS_REVIEW,4,2025-05-22 00:15:59.00607+00,2025-05-22 00:16:02.187+00,"[""profile"",""openid"",""User.Read"",""Files.ReadWrite.All""]",84c28341-5861-499b-a984-12f46424fbf5,UNCATEGORIZED,google,1,,
24b2962a-07c8-4b9c-a396-f698b9a51831,359d186d-9632-41ec-b95d-60f1182bb71a,,Adobe Acrobat,Design & Creative Tools,HIGH,NEEDS_REVIEW,3,2025-05-22 00:15:52.184157+00,2025-05-22 00:15:53.056+00,"[""User.Read"",""MyFiles.Write"",""Directory.AccessAsUser.All""]",4e9b8b9a-1001-4017-8dd1-6e8f25e19d13,UNCATEGORIZED,google,2,,
28fd2b9d-1e47-402a-bef5-027d333aa9d2,359d186d-9632-41ec-b95d-60f1182bb71a,,Microsoft Photos,Design & Creative Tools,HIGH,NEEDS_REVIEW,3,2025-05-22 00:15:37.876165+00,2025-05-22 00:15:42.407+00,"[""user_impersonation"",""Files.ReadWrite.All"",""User.Read""]",0ec2d138-5a70-4a33-b2c7-7d296c996ace,UNCATEGORIZED,google,5,,
295a18a8-0c59-4343-b60d-387d83a73edc,359d186d-9632-41ec-b95d-60f1182bb71a,,Adobe Acrobat Reader for PDF,Productivity & Collaboration,HIGH,NEEDS_REVIEW,6,2025-05-22 00:15:20.237708+00,2025-05-22 00:15:21.835+00,"[""Files.ReadWrite.All"",""User.Read"",""Mail.Read"",""openid"",""profile"",""offline_access""]",cf90ab8f-8091-4c2d-b6a9-0b89a3312382,UNCATEGORIZED,google,1,,
2d633bab-fb7f-4704-a6aa-56c6f65282de,359d186d-9632-41ec-b95d-60f1182bb71a,,Google Workspace,Identity & Access Management,LOW,NEEDS_REVIEW,3,2025-05-22 00:16:17.918923+00,2025-05-22 00:16:20.277+00,"[""openid"",""email"",""profile""]",4d7fe9fb-5646-447f-ba61-ba9bd4455b27,UNCATEGORIZED,google,1,,
35a38651-a4b1-4947-89b3-591195072f1c,359d186d-9632-41ec-b95d-60f1182bb71a,,OneNote Web Clipper,Productivity & Collaboration,HIGH,NEEDS_REVIEW,7,2025-05-22 00:16:20.677138+00,2025-05-22 00:16:23.152+00,"[""Notes.Create"",""Notes.ReadWrite.CreatedByApp"",""Notes.Read"",""Notes.ReadWrite"",""Notes.Read.All"",""Notes.ReadWrite.All"",""User.Read""]",9322f837-c8f8-4796-9aef-1677748fe553,UNCATEGORIZED,google,1,,
3dd99ad9-6792-4265-805a-e28d5a5096ed,359d186d-9632-41ec-b95d-60f1182bb71a,,Vidyard for Outlook,Productivity & Collaboration,MEDIUM,NEEDS_REVIEW,3,2025-05-22 00:16:13.494205+00,2025-05-22 00:16:14.43+00,"[""openid"",""profile"",""User.Read""]",9ae5790c-eab6-43ae-b052-6decde41bfd8,UNCATEGORIZED,google,3,,
41d42f79-248b-4d0a-9aab-94881eaabbc6,359d186d-9632-41ec-b95d-60f1182bb71a,,Check Point Cloud Security Platform - Emails V2,IT Operations & Security,HIGH,NEEDS_REVIEW,9,2025-05-22 00:16:11.412639+00,2025-05-22 00:16:12.929+00,"[""Directory.AccessAsUser.All"",""Mail.Send.Shared"",""Mail.ReadWrite.Shared"",""Mail.ReadWrite"",""Mail.Send"",""Group.ReadWrite.All"",""MailboxSettings.ReadWrite"",""Mail.Send.All"",""Mail.ReadWrite.All""]",a8f0a960-b8e2-449e-85d1-fc15ee7aed5f,UNCATEGORIZED,google,1,,
4211bcd0-80ed-4ec1-87c7-423843ac4cd9,359d186d-9632-41ec-b95d-60f1182bb71a,,3CX Login OAuth,Identity & Access Management,MEDIUM,NEEDS_REVIEW,1,2025-05-22 00:16:15.684586+00,2025-05-22 00:16:19.303+00,"[""User.Read""]",555f4399-bd57-484c-a98f-9d1e23e4963b,UNCATEGORIZED,google,5,,
42ab2089-b9c6-4a38-a5d5-c046d347af13,359d186d-9632-41ec-b95d-60f1182bb71a,,Shop,Identity & Access Management,MEDIUM,NEEDS_REVIEW,5,2025-05-22 00:16:25.116574+00,2025-05-22 00:16:27.425+00,"[""openid"",""offline_access"",""profile"",""User.Read"",""Mail.Read""]",ddba1a4a-407e-454d-acf9-826d96d4fd94,UNCATEGORIZED,google,1,,
48c4df58-f925-442d-949c-947c2fe83eeb,359d186d-9632-41ec-b95d-60f1182bb71a,,Samsung Email,Productivity & Collaboration,HIGH,NEEDS_REVIEW,8,2025-05-22 00:15:43.385363+00,2025-05-22 00:15:44.985+00,"[""EAS.AccessAsUser.All"",""IMAP.AccessAsUser.All"",""POP.AccessAsUser.All"",""SMTP.Send"",""User.Read"",""offline_access"",""openid"",""profile""]",8acd33ea-7197-4a96-bc33-d7cc7101262f,UNCATEGORIZED,google,2,,
4ba7cfdb-5296-4e45-ab95-4d7c74605804,359d186d-9632-41ec-b95d-60f1182bb71a,," reMarkable Integrations OneDrive",Productivity & Collaboration,HIGH,NEEDS_REVIEW,4,2025-05-22 00:16:21.461612+00,2025-05-22 00:16:22.755+00,"[""offline_access"",""Files.ReadWrite.All"",""Sites.ReadWrite.All"",""User.Read""]",ae63008e-fb09-4e07-9a1e-f16d82cee8c2,UNCATEGORIZED,google,1,,
4fc7d6fb-861f-4105-8ada-de8c2cd34f22,359d186d-9632-41ec-b95d-60f1182bb71a,,Canva,Design & Creative Tools,MEDIUM,Managed,4,2025-05-22 00:15:53.247167+00,2025-05-22 00:15:54.138+00,"[""email"",""openid"",""profile"",""User.Read""]",2c0bebe0-bdb3-4909-8955-7ef311f0db22,UNCATEGORIZED,google,4,,
51c71bce-17b0-4d14-a559-dd240f67db3c,359d186d-9632-41ec-b95d-60f1182bb71a,,Adobe Acrobat,Design & Creative Tools,MEDIUM,NEEDS_REVIEW,3,2025-05-22 00:15:50.658437+00,2025-05-22 00:15:52.381+00,"[""User.Read"",""user_impersonation"",""UnifiedPolicy.User.Read""]",97bd680b-f203-4917-a342-308a3de4094a,UNCATEGORIZED,google,1,,
55671bc2-2f05-44b0-a3ce-f7b5f7b0d29a,359d186d-9632-41ec-b95d-60f1182bb71a,,diagrams.net,Design & Creative Tools,HIGH,NEEDS_REVIEW,4,2025-05-22 00:16:22.247717+00,2025-05-22 00:16:23.488+00,"[""User.Read"",""Files.ReadWrite.All"",""Sites.Read.All"",""offline_access""]",b5ff67d6-3155-4fca-965a-59a3655c4476,UNCATEGORIZED,google,1,,
5cd64377-4eb7-4cf8-9f3d-6fb6505c5c6f,359d186d-9632-41ec-b95d-60f1182bb71a,,Graph Explorer,Developer & Engineering Tools,HIGH,NEEDS_REVIEW,13,2025-05-22 00:14:17.818888+00,2025-05-22 00:14:21.007+00,"[""openid"",""profile"",""User.Read"",""offline_access"",""User.ReadBasic.All"",""Application.Read.All"",""Application.ReadWrite.All"",""Directory.Read.All"",""Directory.ReadWrite.All"",""Synchronization.Read.All"",""Synchronization.ReadWrite.All"",""Presence.Read.All"",""Presence.Read""]",de8bc8b5-d9f9-48b1-a8ad-b748da725064,UNCATEGORIZED,google,2,,
5f6ed5b5-7cbc-4850-8ec8-970e85976fc9,359d186d-9632-41ec-b95d-60f1182bb71a,,Stitchflow Tools,Identity & Access Management,HIGH,NEEDS_REVIEW,9,2025-05-22 00:15:19.491804+00,2025-05-22 00:15:21.863+00,"[""User.Read"",""offline_access"",""openid"",""profile"",""email"",""Directory.Read.All"",""Application.Read.All"",""DelegatedPermissionGrant.ReadWrite.All"",""AppRoleAssignment.ReadWrite.All""]",d04f0654-a990-4ed1-b8f4-d93d18f47360,UNCATEGORIZED,google,1,,
64a959a3-e0bc-467c-ab9d-8061e2a3ebb4,359d186d-9632-41ec-b95d-60f1182bb71a,,teams-addin-production,Productivity & Collaboration,LOW,NEEDS_REVIEW,4,2025-05-22 00:14:16.487475+00,2025-05-22 00:14:18.397+00,"[""profile"",""offline_access"",""email"",""openid""]",a82e68d0-b9db-4758-94f4-422759895937,UNCATEGORIZED,google,2,,
66cf64b8-d1d5-4275-a122-1fd613520cb1,359d186d-9632-41ec-b95d-60f1182bb71a,,TypingClub,Others,MEDIUM,NEEDS_REVIEW,2,2025-05-22 00:16:03.833302+00,2025-05-22 00:16:27.31+00,"[""openid"",""User.Read""]",ce04944a-6110-44c7-a408-ef13dfda569b,UNCATEGORIZED,google,1,,
67928cca-2e55-4c78-8b6f-4dcc17b44f23,359d186d-9632-41ec-b95d-60f1182bb71a,,Employment Law Practical Handbook Office365 Login,Identity & Access Management,LOW,NEEDS_REVIEW,2,2025-05-22 00:15:59.724868+00,2025-05-22 00:16:02.118+00,"[""openid"",""profile""]",8ba28587-3743-4812-a67d-7dffbe5eb653,UNCATEGORIZED,google,1,,
6c315f85-f6ca-41e4-819f-d8693dd0939b,359d186d-9632-41ec-b95d-60f1182bb71a,,Gmail,Productivity & Collaboration,HIGH,NEEDS_REVIEW,2,2025-05-22 00:15:44.48297+00,2025-05-22 00:15:47.136+00,"[""offline_access"",""EAS.AccessAsUser.All""]",2cee05de-2b8f-45a2-8289-2a06ca32c4c8,UNCATEGORIZED,google,2,,
6f1116c7-762c-4d08-92ca-6c0a7de782fa,359d186d-9632-41ec-b95d-60f1182bb71a,,webappoffice365-veeam,Cloud Platforms & Infrastructure,MEDIUM,NEEDS_REVIEW,5,2025-05-22 00:16:09.141066+00,2025-05-22 00:16:10.782+00,"[""openid"",""profile"",""offline_access"",""User.Read.All"",""Reports.Read.All""]",7e5b45d6-dd32-4ca3-8402-3bc900013e69,UNCATEGORIZED,google,1,,
703c7815-0904-4fc0-8d2c-76977c4c807b,359d186d-9632-41ec-b95d-60f1182bb71a,,TeamsFlowTab,Productivity & Collaboration,MEDIUM,NEEDS_REVIEW,6,2025-05-22 00:15:45.588128+00,2025-05-22 00:15:47.135+00,"[""Flows.Read.All"",""Flows.Manage.All"",""Activity.Read.All"",""Approvals.Read.All"",""Approvals.Manage.All"",""User.Read""]",1396f65c-f59e-4d2c-a772-8c3878b9461a,UNCATEGORIZED,google,1,,
71a0262e-429d-49df-ab6e-4cff9037caf6,359d186d-9632-41ec-b95d-60f1182bb71a,,Trello,Project Management,LOW,NEEDS_REVIEW,3,2025-05-22 00:15:49.582342+00,2025-05-22 00:15:52.008+00,"[""openid"",""offline_access"",""profile""]",9944f501-65a1-4c2e-8b01-eba72f40b69f,UNCATEGORIZED,google,2,,
77586d2c-ad19-47d0-9df5-45b0346b5780,359d186d-9632-41ec-b95d-60f1182bb71a,,MyFiles,Productivity & Collaboration,HIGH,NEEDS_REVIEW,5,2025-05-22 00:16:04.580741+00,2025-05-22 00:16:06.979+00,"[""Files.ReadWrite"",""User.Read"",""openid"",""offline_access"",""profile""]",d5e6af94-cdf0-4cf4-bc48-f9bfba16b189,UNCATEGORIZED,google,1,,
7b158615-5522-4ad7-86e4-5e9846d4ac62,359d186d-9632-41ec-b95d-60f1182bb71a,,AhaSlides,Productivity & Collaboration,MEDIUM,NEEDS_REVIEW,4,2025-05-22 00:14:50.158109+00,2025-05-22 00:14:51.999+00,"[""openid"",""profile"",""email"",""User.Read""]",526eeccb-294b-4866-82fc-b857e32ef72a,UNCATEGORIZED,google,1,,
7c20a838-c6e5-4b45-8c6a-e22c38d13798,359d186d-9632-41ec-b95d-60f1182bb71a,,Salesforce Inbox,Sales & Marketing,HIGH,NEEDS_REVIEW,6,2025-05-22 00:14:14.505945+00,2025-05-22 00:14:15.368+00,"[""User.Read"",""Contacts.ReadWrite"",""Calendars.ReadWrite"",""Mail.Send"",""Mail.ReadWrite"",""EWS.AccessAsUser.All""]",00b263e4-3497-4650-b082-3197cfdfdd7c,UNCATEGORIZED,google,2,,
7f8e8c2d-a453-4a82-b7b7-cdcafab318d5,359d186d-9632-41ec-b95d-60f1182bb71a,,Zoom Phone,Productivity & Collaboration,HIGH,Managed,8,2025-05-22 00:15:17.603912+00,2025-05-22 00:15:18.624+00,"[""Organization.Read.All"",""offline_access"",""User.ReadWrite.All"",""openid"",""email"",""profile"",""Domain.ReadWrite.All"",""user_impersonation""]",5340c995-387d-4a78-a902-6fdb1d44f71b,UNCATEGORIZED,google,2,,
803187c5-d1a3-43c4-8b91-57ea59b4ce67,359d186d-9632-41ec-b95d-60f1182bb71a,,PRISM Partner Connect,Identity & Access Management,MEDIUM,NEEDS_REVIEW,2,2025-05-22 00:16:05.435336+00,2025-05-22 00:16:07.831+00,"[""User.Read"",""Directory.Read.All""]",95d8d1fc-6cc4-4002-a4b4-d1a5a2264ea4,UNCATEGORIZED,google,1,,
82ea7764-5954-479b-a174-6d9c84cf95a8,359d186d-9632-41ec-b95d-60f1182bb71a,,Officevibe,Human Resources & People Management,LOW,NEEDS_REVIEW,3,2025-05-22 00:15:40.076733+00,2025-05-22 00:15:43.836+00,"[""email"",""profile"",""openid""]",3e500164-df82-4d1e-9db8-0901e07d374d,UNCATEGORIZED,google,4,,
855c9141-9e6b-49b9-9eae-23e630975aeb,359d186d-9632-41ec-b95d-60f1182bb71a,,Salesforce Lightning Sync,Sales & Marketing,MEDIUM,NEEDS_REVIEW,1,2025-05-22 00:16:07.091005+00,2025-05-22 00:16:08.333+00,"[""User.Read""]",c55d6177-918e-4745-96d3-1715194bc7e8,UNCATEGORIZED,google,1,,
862c7904-303e-4dd2-a09b-e29ac8674a05,359d186d-9632-41ec-b95d-60f1182bb71a,,AddEvent.com,Productivity & Collaboration,HIGH,NEEDS_REVIEW,2,2025-05-22 00:15:32.081002+00,2025-05-22 00:15:37.581+00,"[""openid"",""Calendars.ReadWrite""]",d6c1243a-d9fa-4b5e-b14e-9d2bf0a3ae11,UNCATEGORIZED,google,11,,
8d439ffb-962c-49f3-8403-0beca3616519,359d186d-9632-41ec-b95d-60f1182bb71a,,SurveyMonkey,Customer Success & Support,HIGH,NEEDS_REVIEW,4,2025-05-22 00:16:03.132612+00,2025-05-22 00:16:05.134+00,"[""offline_access"",""openid"",""User.ReadBasic.All"",""Files.ReadWrite.All""]",07978fee-621a-42df-82bb-3eabc6511c26,UNCATEGORIZED,google,1,,
90807844-64a2-448e-9041-709f3fc4e0e7,359d186d-9632-41ec-b95d-60f1182bb71a,,AJGraphTest,Identity & Access Management,MEDIUM,NEEDS_REVIEW,2,2025-05-22 00:14:15.749126+00,2025-05-22 00:14:17.319+00,"[""Presence.Read"",""User.Read""]",fa43ae88-e3de-479c-902b-87e091930911,UNCATEGORIZED,google,1,,
91b46b2b-f42c-4132-94ed-632690b5627a,359d186d-9632-41ec-b95d-60f1182bb71a,,Phished - Outlook,IT Operations & Security,MEDIUM,Managed,3,2025-05-22 00:14:52.134435+00,2025-05-22 00:15:18.505+00,"[""profile"",""openid"",""Mail.Read""]",644bca29-3715-439c-ab33-c679fb93e2b9,UNCATEGORIZED,google,61,,
94fa2d71-a3c2-4a1f-8e16-99ee9e44c004,359d186d-9632-41ec-b95d-60f1182bb71a,,Office365 LTI Prod SYD,Productivity & Collaboration,HIGH,NEEDS_REVIEW,3,2025-05-22 00:15:29.835075+00,2025-05-22 00:15:30.267+00,"[""MyFiles.Write"",""Files.ReadWrite.All"",""User.Read""]",f20e8e81-c88e-4588-9cb0-4f6cf6b37119,UNCATEGORIZED,google,1,,
97f33783-99a8-482a-8bfa-3aa7145a3244,359d186d-9632-41ec-b95d-60f1182bb71a,,Sprocket Management Portal,Identity & Access Management,MEDIUM,NEEDS_REVIEW,5,2025-05-22 00:14:29.723346+00,2025-05-22 00:14:32.356+00,"[""openid"",""email"",""profile"",""offline_access"",""User.Read""]",fa20c063-195d-4841-8db8-02a2fd01b522,UNCATEGORIZED,google,1,,
a37c6a89-ba1c-4c0d-95b3-18d9ed442955,359d186d-9632-41ec-b95d-60f1182bb71a,,Portfolio Cloud Hewison,Cloud Platforms & Infrastructure,MEDIUM,Managed,1,2025-05-22 00:14:05.672229+00,2025-05-22 00:14:20.991+00,"[""User.Read""]",f8014a83-715a-4487-a424-16117e032f3e,UNCATEGORIZED,google,2,,
aa323b05-22f6-434d-8ba8-90e76fbac61a,359d186d-9632-41ec-b95d-60f1182bb71a,,Zapier To Do,Productivity & Collaboration,HIGH,NEEDS_REVIEW,4,2025-05-22 00:14:28.30065+00,2025-05-22 00:14:30.521+00,"[""User.Read"",""Notes.ReadWrite"",""Notes.ReadWrite.All"",""offline_access""]",29246358-1970-4d6d-bc75-acf34edc758b,UNCATEGORIZED,google,1,,
ad7db9cf-bd06-4039-9e16-37fbe8c3c140,359d186d-9632-41ec-b95d-60f1182bb71a,,hewison-ai-aad-login,Identity & Access Management,LOW,NEEDS_REVIEW,3,2025-05-22 00:14:35.804022+00,2025-05-22 00:14:51.95+00,"[""openid"",""profile"",""email""]",e50c8576-d8fa-4b34-b30f-f092476c29d1,UNCATEGORIZED,google,31,,
b02456a2-2c19-4d6a-bc22-2aab00245241,359d186d-9632-41ec-b95d-60f1182bb71a,,Exclaimer Cloud Signatures for Office 365 Australia,Productivity & Collaboration,MEDIUM,NEEDS_REVIEW,1,2025-05-22 00:16:07.796582+00,2025-05-22 00:16:09.321+00,"[""User.Read""]",06096db6-ca41-41ad-ba60-897b953cf30e,UNCATEGORIZED,google,1,,
b0a83a03-cc2a-4d02-8648-5d5a9c5864b3,359d186d-9632-41ec-b95d-60f1182bb71a,,Qwilr,Sales & Marketing,MEDIUM,NEEDS_REVIEW,1,2025-05-22 00:15:46.330924+00,2025-05-22 00:15:48.435+00,"[""User.Read""]",3c93aa96-229c-4386-9bb4-0132069c1199,UNCATEGORIZED,google,2,,
b34a5095-820f-4103-9f74-a42a5ae12642,359d186d-9632-41ec-b95d-60f1182bb71a,,HEW-M01 M-Files User Auth,Identity & Access Management,MEDIUM,NEEDS_REVIEW,4,2025-05-22 00:16:09.816082+00,2025-05-22 00:16:10.5+00,"[""profile"",""User.Read"",""email"",""openid""]",efabdd32-cd19-47f5-a988-d4c89812e5da,UNCATEGORIZED,google,3,,
b50aad0a-c13f-4745-9c17-d2a29ad36e7c,359d186d-9632-41ec-b95d-60f1182bb71a,,Sharegate,Cloud Platforms & Infrastructure,HIGH,NEEDS_REVIEW,6,2025-05-22 00:16:23.728156+00,2025-05-22 00:16:24.882+00,"[""User.Read"",""Group.Read.All"",""Group.ReadWrite.All"",""Directory.AccessAsUser.All"",""Files.Read"",""openid""]",241f691a-2424-4ef0-9161-57b7249e2bfc,UNCATEGORIZED,google,1,,
b63a25fe-27cc-4f9c-b7ee-8f35ec032511,359d186d-9632-41ec-b95d-60f1182bb71a,,Adobe Identity Management (OIDC),Identity & Access Management,LOW,NEEDS_REVIEW,4,2025-05-22 00:15:55.062068+00,2025-05-22 00:15:58.309+00,"[""email"",""offline_access"",""openid"",""profile""]",6aba272b-e383-44cd-8eda-34c66dfd9546,UNCATEGORIZED,google,6,,
b86bf45a-6a7a-435d-9112-8a495db2ea03,359d186d-9632-41ec-b95d-60f1182bb71a,,PDFsam Enhanced,Design & Creative Tools,MEDIUM,NEEDS_REVIEW,2,2025-05-22 00:15:57.548209+00,2025-05-22 00:15:59.544+00,"[""openid"",""User.Read""]",4da0a78b-93ba-4a0d-aa07-24add36be57a,UNCATEGORIZED,google,3,,
b9148235-216c-4738-a14a-49740c3ebef2,359d186d-9632-41ec-b95d-60f1182bb71a,,Microsoft Photos Services,Design & Creative Tools,HIGH,NEEDS_REVIEW,3,2025-05-22 00:15:30.576933+00,2025-05-22 00:15:31.725+00,"[""user_impersonation"",""User.Read"",""Files.ReadWrite.All""]",61350e1d-1b87-4cb6-a6f8-480cd74278ea,UNCATEGORIZED,google,3,,
bb42fa01-a531-4f55-a9ac-84b5249dbc81,359d186d-9632-41ec-b95d-60f1182bb71a,,Jira Cloud,Project Management,LOW,NEEDS_REVIEW,3,2025-05-22 00:16:18.626418+00,2025-05-22 00:16:20.155+00,"[""openid"",""offline_access"",""profile""]",512b84d2-5840-45d6-8d01-5f073836d039,UNCATEGORIZED,google,1,,
bdace085-c7eb-4e37-a21d-14cb36c33547,359d186d-9632-41ec-b95d-60f1182bb71a,,Phished Report Button,IT Operations & Security,HIGH,Managed,10,2025-05-22 00:16:19.296061+00,2025-05-22 00:16:22.337+00,"[""openid"",""profile"",""User.Read"",""Mail.Read"",""Mail.Read.Shared"",""Mail.ReadBasic"",""Mail.ReadBasic.Shared"",""Mail.ReadWrite"",""Mail.ReadWrite.Shared"",""offline_access""]",f648076c-88b9-44fd-9df6-7a42919f71ed,UNCATEGORIZED,google,3,,
bf1ca78b-06fd-468e-9827-08ec0e55e020,359d186d-9632-41ec-b95d-60f1182bb71a,,SharePointPnP.ProvisioningApp.Tenant,Productivity & Collaboration,HIGH,NEEDS_REVIEW,7,2025-05-22 00:16:22.938243+00,2025-05-22 00:16:25.759+00,"[""User.Read"",""Directory.Read.All"",""Mail.Send"",""Sites.Read.All"",""Sites.FullControl.All"",""AllSites.FullControl"",""TermStore.ReadWrite.All""]",5d9fff84-5b34-4204-bc91-3aaf5f298c5d,UNCATEGORIZED,google,1,,
c1eed3f6-9856-4c81-b73c-5f991fe840f3,359d186d-9632-41ec-b95d-60f1182bb71a,,GoodNotes,Productivity & Collaboration,HIGH,NEEDS_REVIEW,8,2025-05-22 00:16:15.01212+00,2025-05-22 00:16:16.509+00,"[""User.Read"",""MyFiles.Write"",""MyFiles.Read"",""offline_access"",""openid"",""profile"",""Files.Read"",""Files.ReadWrite""]",12e38989-14d5-4321-89c1-1c520ba3015d,UNCATEGORIZED,google,1,,
c40e82bc-51ca-43a5-b542-e844d5a2d083,359d186d-9632-41ec-b95d-60f1182bb71a,,AssessTEAM.com,Human Resources & People Management,LOW,NEEDS_REVIEW,2,2025-05-22 00:16:01.161863+00,2025-05-22 00:16:04.013+00,"[""openid"",""profile""]",e89c322b-2d5d-4fd4-9ff6-2dc482f21813,UNCATEGORIZED,google,2,,
c5f3dbc8-140f-4f7d-8899-4b94ea55c4cb,359d186d-9632-41ec-b95d-60f1182bb71a,,drawio,Design & Creative Tools,HIGH,NEEDS_REVIEW,3,2025-05-22 00:15:51.415145+00,2025-05-22 00:15:53.132+00,"[""User.Read"",""Files.ReadWrite.All"",""offline_access""]",45c10911-200f-4e27-a666-9e9fca147395,UNCATEGORIZED,google,1,,
c75013a6-12ca-4ca5-b520-6413568d67bc,359d186d-9632-41ec-b95d-60f1182bb71a,,Fireflies.ai,Productivity & Collaboration,MEDIUM,NEEDS_REVIEW,5,2025-05-22 00:14:26.928767+00,2025-05-22 00:14:29.874+00,"[""openid"",""profile"",""offline_access"",""User.Read"",""Calendars.Read""]",685d9120-feba-4cb0-934c-efcc69b85fc6,UNCATEGORIZED,google,2,,
ca5200af-15e2-4692-94b6-e721af81f5ea,359d186d-9632-41ec-b95d-60f1182bb71a,,Log in using Office 365,Identity & Access Management,MEDIUM,NEEDS_REVIEW,1,2025-05-22 00:15:20.980827+00,2025-05-22 00:15:29.537+00,"[""User.Read""]",5cd6e32d-de3f-4cb5-a322-ea0e02e775a6,UNCATEGORIZED,google,18,,
cae8c68e-e4f1-4716-af92-2d679489165d,359d186d-9632-41ec-b95d-60f1182bb71a,,Exclaimer Cloud - Signatures for Outlook Feature,Productivity & Collaboration,MEDIUM,NEEDS_REVIEW,1,2025-05-22 00:16:06.097031+00,2025-05-22 00:16:07.707+00,"[""User.Read""]",214c49cc-b1f4-4105-bdd9-468bedc2056a,UNCATEGORIZED,google,1,,
cd24f80c-8947-4c73-919f-d8e8b9aa4e1b,359d186d-9632-41ec-b95d-60f1182bb71a,,Microsoft Graph Command Line Tools,Identity & Access Management,MEDIUM,NEEDS_REVIEW,5,2025-05-22 00:14:20.061658+00,2025-05-22 00:14:22.223+00,"[""User.Read"",""openid"",""profile"",""offline_access"",""User.Read.All""]",14d82eec-204b-4c2f-b7e8-296a70dab67e,UNCATEGORIZED,google,2,,
d89392bd-f88a-4427-b109-23802e5581d9,359d186d-9632-41ec-b95d-60f1182bb71a,,Signature 365,Identity & Access Management,MEDIUM,NEEDS_REVIEW,4,2025-05-22 00:14:30.46423+00,2025-05-22 00:14:32.247+00,"[""openid"",""profile"",""User.Read"",""offline_access""]",fc924a77-36ad-45b7-800a-b6b42eef161f,UNCATEGORIZED,google,1,,
dacc34f4-6808-4b93-ad1c-97effff8f6e3,359d186d-9632-41ec-b95d-60f1182bb71a,,ECAL,Productivity & Collaboration,HIGH,NEEDS_REVIEW,2,2025-05-22 00:15:47.445871+00,2025-05-22 00:15:50.338+00,"[""Calendars.ReadWrite"",""offline_access""]",7664fbd2-7f40-4bef-a678-17593dc5df0c,UNCATEGORIZED,google,5,,
dc1f0c01-85cf-4d94-82b4-9832a8fc8748,359d186d-9632-41ec-b95d-60f1182bb71a,,LinkedIn,Sales & Marketing,MEDIUM,NEEDS_REVIEW,3,2025-05-22 00:15:36.699929+00,2025-05-22 00:15:37.561+00,"[""User.Read"",""People.Read"",""Calendars.Read""]",889e301b-fe6c-4c68-8665-de7954780788,UNCATEGORIZED,google,2,,
dc7023eb-edc0-4f72-b992-06ee2367a0db,359d186d-9632-41ec-b95d-60f1182bb71a,,iOS Accounts,Identity & Access Management,HIGH,NEEDS_REVIEW,6,2025-05-22 00:14:06.876423+00,2025-05-22 00:14:08.265+00,"[""openid"",""offline_access"",""EAS.AccessAsUser.All"",""User.Read"",""full_access_as_user"",""EWS.AccessAsUser.All""]",f8d98a96-0999-43f5-8af3-69971c7bb423,UNCATEGORIZED,google,18,,
dc88b72d-e6e7-4cf8-b4b8-01429085bfe8,359d186d-9632-41ec-b95d-60f1182bb71a,,AuditDashboard,Identity & Access Management,LOW,NEEDS_REVIEW,4,2025-05-22 00:14:50.880307+00,2025-05-22 00:14:52.022+00,"[""openid"",""profile"",""email"",""offline_access""]",3fc1b017-8c0c-4779-8d40-c98820660d6d,UNCATEGORIZED,google,2,,
dd84b712-4ab9-4df5-93a2-e9a20ba77bb5,359d186d-9632-41ec-b95d-60f1182bb71a,,calendly,Productivity & Collaboration,HIGH,NEEDS_REVIEW,4,2025-05-22 00:13:58.374812+00,2025-05-22 00:14:08.277+00,"[""User.Read"",""Calendars.Read"",""Calendars.ReadWrite"",""Calendars.ReadWrite.Shared""]",c2f89f53-3971-4e09-8656-18eed74aee10,UNCATEGORIZED,google,16,,
df17b376-e8b8-4ff8-ae18-a00160694a99,359d186d-9632-41ec-b95d-60f1182bb71a,,ZOOM-GRAPH,Productivity & Collaboration,HIGH,NEEDS_REVIEW,6,2025-05-22 00:14:32.800121+00,2025-05-22 00:14:36.381+00,"[""Calendars.ReadWrite"",""offline_access"",""openid"",""MailboxSettings.Read"",""Calendars.Read"",""User.Read""]",a651cfda-cbdd-4a39-bd03-fa829c3c1b29,UNCATEGORIZED,google,7,,
e9d687e5-a2e4-4c1d-ac1d-457ec6772ae4,359d186d-9632-41ec-b95d-60f1182bb71a,,WindowsAdminCenter-https://0f3333j23523gt.hewison.local:6600,IT Operations & Security,LOW,NEEDS_REVIEW,4,2025-05-22 00:15:18.749056+00,2025-05-22 00:15:21.061+00,"[""user_impersonation"",""openid"",""profile"",""offline_access""]",daabe421-0750-48c9-b32b-0b2845d0041c,UNCATEGORIZED,google,1,,
eccdce1b-a9cb-49df-a4f5-384c6e4275ac,359d186d-9632-41ec-b95d-60f1182bb71a,,Turnitin,Others,MEDIUM,NEEDS_REVIEW,4,2025-05-22 00:16:00.442509+00,2025-05-22 00:16:27.565+00,"[""profile"",""openid"",""User.Read"",""Files.Read.All""]",13a4efb7-3dd9-42b0-bebf-c5d6b17b5d14,UNCATEGORIZED,google,1,,
ecfa850b-5eb3-445f-8d20-4e1a7eeb8f2d,359d186d-9632-41ec-b95d-60f1182bb71a,,Avanan Teams Integration,IT Operations & Security,MEDIUM,NEEDS_REVIEW,2,2025-05-22 00:16:12.116016+00,2025-05-22 00:16:13.255+00,"[""ChannelMessage.Send"",""User.Read""]",ac613f1a-4cc8-4ed9-8db8-05092de3ff2c,UNCATEGORIZED,google,1,,
ede22635-2552-41b9-9441-1d031f0fe224,359d186d-9632-41ec-b95d-60f1182bb71a,,Duplicator Pro,Cloud Platforms & Infrastructure,HIGH,NEEDS_REVIEW,5,2025-05-22 00:14:29.022669+00,2025-05-22 00:14:31.59+00,"[""User.Read"",""openid"",""offline_access"",""Files.ReadWrite.AppFolder"",""Files.ReadWrite""]",15fa3a0d-b7ee-447c-8093-7bfcf30b0797,UNCATEGORIZED,google,1,,
ee1cb9f9-2c4d-492d-8b1a-5d382c98a47b,359d186d-9632-41ec-b95d-60f1182bb71a,,BLV Solutions filenote.ai,Others,LOW,NEEDS_REVIEW,1,2025-05-22 00:16:12.830229+00,2025-05-22 00:16:27.267+00,"[""profile""]",d8faa638-5d65-4f6c-a77c-fb5450a4fa1b,UNCATEGORIZED,google,1,,
f0e7fb70-ec7c-45ce-ad2b-7b8c4e7f8e36,359d186d-9632-41ec-b95d-60f1182bb71a,,hewison-ai-deployment,Identity & Access Management,MEDIUM,NEEDS_REVIEW,1,2025-05-22 00:16:25.798861+00,2025-05-22 00:16:27.356+00,"[""Directory.Read.All""]",223b9275-5042-4176-93ac-ff6a759b47af,UNCATEGORIZED,google,1,,
f6dadb7c-3c68-41a8-9c2d-57d8f743826a,359d186d-9632-41ec-b95d-60f1182bb71a,,Calendly,Productivity & Collaboration,HIGH,NEEDS_REVIEW,7,2025-05-22 00:14:31.177257+00,2025-05-22 00:14:33.757+00,"[""openid"",""email"",""profile"",""offline_access"",""User.Read"",""Calendars.ReadWrite"",""Calendars.ReadWrite.Shared""]",751ff9b5-edde-4dc1-8093-adf647495745,UNCATEGORIZED,google,3,,
fc2b323d-daad-4018-b92e-e70bd6c69b38,359d186d-9632-41ec-b95d-60f1182bb71a,,Otter,Productivity & Collaboration,MEDIUM,NEEDS_REVIEW,6,2025-05-22 00:14:25.344302+00,2025-05-22 00:14:27.804+00,"[""User.Read"",""Calendars.Read"",""Contacts.Read"",""offline_access"",""openid"",""profile""]",7caa06af-66c7-4db4-95c6-aedae793935a,UNCATEGORIZED,google,3,,
fdb88f1d-787c-48d0-abd2-106779cb4db7,359d186d-9632-41ec-b95d-60f1182bb71a,,HubSpot,Sales & Marketing,LOW,NEEDS_REVIEW,2,2025-05-22 00:16:02.383776+00,2025-05-22 00:16:04.511+00,"[""openid"",""email""]",1f1bebf6-6e03-4757-a939-400d87a5fd8c,UNCATEGORIZED,google,1,,